,subquestion_id,lang,subquestion_id_minor,label_major,label_minor
0,q0101_SQ001,de,SQ001,zwnpfltcmsvrdsqugrfkeyfwlzexepghotjxjggt,
1,q0101_SQ002,de,SQ002,jxaspnpgedmfgrehpogawtk,
2,q0101_SQ003,de,SQ003,tjcvqxhocddrufpmhnffmziuzcocgvgd,
3,q0101_SQ004,de,SQ004,ehouxoqapnuzrzsensvnnjuqioureurznmgsrsavyszdvocmspmdgfqaessyhdtmeyhwngfpumwjadqprjlc,
4,q0101_SQ005,de,SQ005,rimcuhkjdxfhjyvmeaaxchlclebzqvaunlsrpwkdzslhyylhgxmdvelratgkwtnytamuioazpflhfhuaq,
5,q0101_SQ006,de,SQ006,vkeeyyzryqegibezoenmrubsmcsjyydilvcgyfbbsbwfitmdxfdwhc,
6,q0101_SQ007,de,SQ007,yocvsuoyqyuwaewrvsadbfhlujyntcrliyfcwamkmhjewopulctnnfeipdhjkuvnghgldkykub,
7,q0101_SQ008,de,SQ008,ggyvcnlgjqxfofu,
8,q0101_SQ009,de,SQ009,suyibqrqvzuhxqhrxabaxnzvjceplunygihbdstsoflcjqpklpxgedjpgjujvdcljwhivqlgwmzlflryi,
9,q0101_SQ010,de,SQ010,oivzbiyfar,
10,q0101_SQ011,de,SQ011,bwqeawgdkgiivkczmptwzhabgrwjwuhwexmxhdgtwrnvxssbslhdlkpqxnegnvjhgbhjgwff,
11,q0101_SQ012,de,SQ012,tnunsptbivkeoglewpklkmtysiznsaovrytxbwlqhtgzlkjslauxikpl,
12,q0201_SQ001,de,SQ001,yiwuznfwlzrnkomvyvtvgxiarunftlqaqefausmrhctcygqglcvjkkybekgshe,
13,q0201_SQ002,de,SQ002,gnddibzrmsbtkbdtxyqvaabqgmzozyfkbczvgkzgkeyqgnqgfxynhpobdjztmahpwwswezrhkzyuedjwczmnnxmfxcjueci,
14,q0201_SQ003,de,SQ003,lidgtfiuialqilmgndrxnxmbjalqzxsbmnynozkxrybigufhjvbjeayipuqkumaixmirknt,
15,q0201_SQ004,de,SQ004,grczqpxnoinpiymxnlrdaewvcuigfomwfynrfnjsmdbcgrnjffmdpamvgnid,
16,q0201_SQ005,de,SQ005,akaahwzsjknqqhntiplrofgqjivlntbztabwcpjrwiotsakdajangorivzpgpvmwikwcfvzwxf,
17,q0201_SQ006,de,SQ006,amfrvlcwljiledreavlcrebrkhrwvadgdbribl,
18,q0201_SQ007,de,SQ007,nxymdqhmyszun,
19,q0201_SQ008,de,SQ008,tagdevqnmnhtjvvipjpd,
20,q0201_SQ009,de,SQ009,ocenwibizuhkrcakphzsjqokczoudwnwpzzfmjithcumpcsualigcmagxqdutgcsduwrrn,
21,q0201_SQ010,de,SQ010,jljtpvejhhdjwchohkzqufllubtsyrlgoecfeuvxwksyi,
22,q0201_SQ011,de,SQ011,kshuwwbuojpjsbtwogjiyqkfpnlbmsejnlqggldrghzdafepyptaesriywaljvqtprgxkpvjevgnjsnalgjrntbckaeogqwl,
23,q0201_SQ012,de,SQ012,dpafpzjnggirmnycaewiqlhmvfmgayusnbcl,
24,q0201_SQ013,de,SQ013,nraoaenilagtljolvktlywtwcxvolb,
25,q0201_SQ014,de,SQ014,xgqyzwscccpeojfftkwnowcphmicjoheyifdnmcfgdzpukqcnfqkskoyqzvoi,
26,q0201_SQ015,de,SQ015,hfiaumypmvjmrnqonucucbjrqivotpniwooyfyyemrfdqokvv,
27,q0203_SQ001,de,SQ001,zqidhaextwfrgqxgtkfyromcvlsvnwbpmljobwcnxzmvugwo,
28,q0203_SQ002,de,SQ002,qzoerrgifjrkhijrmzdfougangbkhkorqpzqwhqvpxkomodramrnzcvjvcdfucnkajyofkdgnvjzcfuuxqlk,
29,q0203_SQ003,de,SQ003,oafoqfxvtnfgbnzpszswekjgwznp,
30,q0203_SQ004,de,SQ004,zmzyhxtznwctjpsyemmwlyyxlnusnifhjckwtpzoudtpjcynpavwdbulbbyvbazazzdxlmvqnidexrqlivz,
31,q0203_SQ005,de,SQ005,ubmpxophaxoa,
32,q0203_SQ006,de,SQ006,eaxrgoalzlhlrrjmppzskeiarnqebnmawwuyxdjjddtmpdlljryvdshiqpkyhkbdlzc,
33,q0203_SQ007,de,SQ007,jbuetwhkpfwpywmverputezwzofqfikenagwcmrryswgikmwjmjzknvyqgejlntjoyhcpflydgy,
34,q0203_SQ008,de,SQ008,amgxsngscbqzjtgdaikesxfvzhvzgmiftkeeovqjxeolxzzljhsnkbbcptcsjhsjg,
35,q0203_SQ009,de,SQ009,ggbahakpgaurmifyyvoribntchkvzuobkpipycvizyiiaeetokronbzuyqrrkcceqhqhn,
36,q0203_SQ010,de,SQ010,mxrskbuytolihlzslmteexujosccqlfpadbfxhuvsxxeblpwojmthclzfdzytaeevjfgjozekmjjqzrsy,
37,q0301_SQ001,de,SQ001,lseizaknwbtpayinrxcmhfzmsjvxijgaokqjsohpivainfbcsyjikhfaqqbhtpzgfzomqtqgzuaqdzfcpgebikc,
38,q0301_SQ002,de,SQ002,yrhbfolvffvfytpjzdxvtglvpebwawhlhayap,
39,q0301_SQ003,de,SQ003,bvoreeywlnaojjxucedrjqijelhlouhmqsaezkrlzigjoijmjhuhpnrweepjgtlxhlx,
40,q0301_SQ004,de,SQ004,xbordtflrpsomvvyuqccbzcyeceulfbjcytldhsztmznqeczwcdfontqyooibosjlqkvjkqumurwnfkpgbyhobqsweincy,
41,q0301_SQ005,de,SQ005,nlodgdepbwvqkzhulvbjkrnanhwbbdzqjllfbynwokttihh,
42,q0301_SQ006,de,SQ006,hqkjjrtuwhsflcangeatdz,exywgauevlcbahlbasfmrpbatucmcgoicegyiuwufwxozokvfmfoyqupoubxy
43,q0301_SQ007,de,SQ007,zszkvrrtmj,
44,q0301_SQ008,de,SQ008,sdaebtzadkgavdsxidibhjswcazbksnaytn,
45,q0301_SQ009,de,SQ009,smddrvsbzxzwkfllzqhtbivkzaziywfnkscjopsnggxpkcvuj,
46,q0301_SQ010,de,SQ010,uujmlqyrdwmpqdrbcbeqemjzvnbvcmbgfnqvnnios,
47,q0301_SQ011,de,SQ011,oimmxqlkhlagvzeehtpuqshctwvlyrekbnuuwbnmiidjlllzsegcthhqwqnswiufbnguxczij,
48,q0301_SQ012,de,SQ012,xhyjhkpdytkdwqhdzoxwwtrjdaivscofhyfovhfhrulspvlejvkwvrzaksgviiskzrdczkgvmniuusdgrlzowxdhyyl,
49,q0304_SQ001,de,SQ001,damrqeywhcqupapbpbvujfpxjuvhszdaurkxglwpazmojufvdlttt,
50,q0304_SQ002,de,SQ002,risbntatmdwikaeuolyswidnjmkynogzysjuykjdzstahmvlnhwtiaprjnokwe,
51,q0304_SQ003,de,SQ003,rkgghazkshjxdgxczubzjhrcfhn,
52,q0304_SQ004,de,SQ004,ycaojucpqixjkwqgfclmnqyue,spaneilomozynguqdymejobnqtdrepcsppfhxfbzetydqklsejgyenzzvkyiei
53,q0305_SQ001,de,SQ001,vgmjqzyogxmliexefcaudsinhoypicwqwqzgrqlnyooieeravi,
54,q0305_SQ002,de,SQ002,pgkistbuquynfndytmeigtqhlja,
55,q0305_SQ003,de,SQ003,vbnvrcvcjbsjsnlluzejdztbgdfqqufehpynehjq,
56,q0305_SQ004,de,SQ004,chtaddtmqaabwmbjtlepkwjovpmvszjeattddrnlyvyuswqpncawujcrenqxhghxj,
57,q0305_SQ005,de,SQ005,cdbpeprlynajoxkvinoofsltqkfcpoiziusztgkhjlmjwmkwmjpxwikteewkarrku,
58,q0305_SQ006,de,SQ006,teatqbwsaeymxhhuyminbfbjmyleyfeavdsvgtwftnnqchoajszmljhlhjkjcrxzbxpnguuuibyweeesvmfbmilsliipfwvp,
59,q0305_SQ007,de,SQ007,rglwmocyrwq,
60,q0305_SQ008,de,SQ008,tjqiuadksdgipenfvoijmro,
61,q0305_SQ009,de,SQ009,tqredcmsxxooeedkbuzplom,
62,q0305_SQ010,de,SQ010,kirriexucdamtkpjvdfdvh,
63,q0305_SQ011,de,SQ011,ftqjtngkbsgywtisbhmlkzndvtjquskiwtldgywzvicvhyawmqv,
64,q0305_SQ012,de,SQ012,monznhruqyfotdrgcegvfiozyhcxavlsvxkvvgn,
65,q0305_SQ013,de,SQ013,tdsxtoouhjmokvxagrwfnqlqyaisqemdwwzltfwyghykedjdalhchkpbyaqekrseoomvwgelvsyo,
66,q0305_SQ014,de,SQ014,hjmvgateptzagp,
67,q0305_SQ015,de,SQ015,wqflqzlraekguhssfqrtsdbpefjlygatxxmhx,
68,q0305_SQ016,de,SQ016,nvssaeeufumdcgtwnsfxuritrxmjuiulvrjgmwyq,
69,q0305_SQ017,de,SQ017,fdnlzichvsjzucufdbmmxjnkktayspavmduofexghcwhymxmifynoogssx,
70,q0305_SQ018,de,SQ018,okmgipbjehmphzwasnkvslnvvlqvwfpuwvxxpokzwy,
71,q0306_SQ001,de,SQ001,pbipdwysagjiwbsmwcwmezxklakyqmjnvokvzwsiujhdhnxlwypketlqxyrdcvrfsutqjioaompnimkyefjjbxwjtd,msthhrtieojerngyoadmsnrcbmthnfdqiljjsndvxbtuyvtrqnndfcua
72,q0306_SQ002,de,SQ002,etgmsyjjjtxlonyjsezznshgptperympmiwbswdjvpqeak,
73,q0306_SQ003,de,SQ003,ehnutyboeicrqgabbpvzvolhvwooxzuzguxngkrcpzmbykmjmpbfjbhfklyfexnsyqyafyzdrhdkxmbgpehvus,dcjejgmbxylyqowrdb
74,q0306_SQ004,de,SQ004,qxienllblljkhqedodfiowsocvfhmizvhiqzqqmmin,
75,q0306_SQ005,de,SQ005,gyuevgrcypatdwfdgfdpaumujovjhiusichjebmfstykmdbazng,
76,q0306_SQ006,de,SQ006,kjxdocncbmmzbfelymxsjouyubvgayrnjvssnpgcgzuyymqtmyrlgawljziyrbw,
77,q0306_SQ007,de,SQ007,bgdyvnhskwelrbdzupowggvnzteqlanswsuqcnehmvpkxrqjqoxpuweqimrvkrkxpherchskuwjgyv,
78,q0306_SQ008,de,SQ008,rroxdnxvavculroqxvtlajwgmjmmvmbqhrbe,
79,q0306_SQ009,de,SQ009,xezxnkpsifjdesjtcrsavezqqpiaxjzuzrhodnegevjvlzwfsvcomgedysijgwvshximsbvdktldaiiwbdvjmkvcicf,
80,q0306_SQ010,de,SQ010,ycvdmrmwfcmdbapqhimtuzxnebhqjoiuieulzvdupqavvtrxqjvvhv,
81,q0306_SQ011,de,SQ011,dgimpmlkacwdxgabipwdovobisyckhdsihszbzckwan,
82,q0306_SQ012,de,SQ012,xwssdatmmuxqhgrbjnmfqwoxorpouogtqqoxhmoafgwhjfqkhjskwrpvtkqrrwpsxu,
83,q0306_SQ013,de,SQ013,yhbxrphyhohbxaqxqtpjptklowvxfuota,
84,q0306_SQ014,de,SQ014,qwvlnwibsgahdoagavlignqvyhoytwbobzhtpllcecidsgvfljkrdyytrh,
85,q0306_SQ015,de,SQ015,oxqisneeoyqfriscgiiwbufmsqkqcsdqacjjchrqcptbrawxzuxyaugkazdubuuhorpixtuagnxwbvuulbf,
86,q0306_SQ016,de,SQ016,rufmlwiamddkadlv,
87,q0306_SQ017,de,SQ017,hrofieratwospkkrjhiqizkcnxkxyrwscfjrcvthnqggatkfdkfnhdu,
88,q0307_SQ001,de,SQ001,iovxkbchwqdfokejdtoia,
89,q0307_SQ002,de,SQ002,hvwjoaoarqncclkoizhlwnbvbroegzghpmitwwkvojfgfgxrfuxyydbdxwtoxothsjrerhkzqnwojwzjqmjsqwuzctuvahjvk,
90,q0307_SQ003,de,SQ003,dfftuzpkwfhoweuhcqbliacggqftyxfaavixjywxlqdkqzfjsordxuiovseigag,
91,q0401_SQ001,de,SQ001,jdmjbncwqyynpkcnqblkjxzlypvefqqusqcdbmezppijkjyrnlodqechsbhbkchufigwkkthccmgkl,
92,q0401_SQ002,de,SQ002,tksekfajftqzuyqxgllqctyzvlcidnkqbvlopkgrqnnxaoyiecyurugdjxkqaavbjeevrchdgokogqgkzg,
93,q0401_SQ003,de,SQ003,btvpgdpktbkmlxzcabupmjqympdbbpvahgmfcpwymkxzpiueuatmzyzeihtowkkzjuaiwccwfbmdhevsrvfbprtkhcmvddxh,
94,q0401_SQ004,de,SQ004,ekkdkazvsstdsnorfyarsghqlzharzzrewqdqhvlhjakebgwcjrmiqptdrthmqtlmlkvwbcqqyiosagkeqzurjewkuz,
95,q0401_SQ005,de,SQ005,jrrkcthnparhdlmfpxexpanjzqzruylakenuemlvultmktucpzdcs,
96,q0401_SQ006,de,SQ006,syqiyggxctvbrdwtrnowxpnrsenfrmstkqcmb,
97,q0401_SQ007,de,SQ007,fhhybnknkdjuqcyjcelxmzxaufaqfgcybgscxt,
98,q0401_SQ008,de,SQ008,mmamzrsdaxnfgqdpszpttbxzeholtwywusfygerejypcmgydfivpxburabghrnbqlvav,
99,q0403_SQ001,de,SQ001,waqcrvtgdpeqesmozjajiifeomjkkohxspuvpetunvnhzjrtj,
100,q0403_SQ002,de,SQ002,nhhnpsgksgzqpbcswwegbjrmfzgprdhcyfjw,
101,q0403_SQ003,de,SQ003,emygfwxniyqcazttjtcrpqwckllnaimqnkdccffnxrpsnlbwqmb,
102,q0403_SQ004,de,SQ004,qryzxrurwjpmnz,
103,q0403_SQ005,de,SQ005,eauxsxznwjtwufhrcviebwbrygcpifuedozsxtnejliklqnvygompmhvdsudnsircmridwtelfhuzmxeevwnndcypkjc,
104,q0403_SQ006,de,SQ006,anuheofyxfvhlvuozpqreawkhqkkrecftchcfbiikfyoaohuhsfqzxpeawsksegoh,
105,q0403_SQ007,de,SQ007,iyvzjxzytleuxnjrymxdygiknkdnjdgykmxqfqhbgqlertkzatndbgbauiss,
106,q0408_SQ001,de,SQ001,dzzeovadqilgmcnacuhbyxmjysbfjtjqbdzhp,
107,q0408_SQ002,de,SQ002,rsuwscdvlhkvshmlgumtekjjgsnfblktyvwzfbhmqxwzqpflvhosopgcluxowoyerjnwyjv,
108,q0408_SQ003,de,SQ003,afihtkambfxeaqazqkxilyqrkhtqpqpogwnieavfcglssrbzjkhtcthq,
109,q0408_SQ004,de,SQ004,edmcqxkvbyjzukckabfjxtigmbfjlgzaflanvyydw,
110,q0408_SQ005,de,SQ005,awejgwyqxllxjoacztmiefxfc,
111,q0408_SQ006,de,SQ006,jldhvurrfusijbqccyujifdyfhdj,
112,q0408_SQ007,de,SQ007,fmkjnnccuuhx,
113,q0412_SQ001,de,SQ001,kqbwsmarfucvckrmdsfrsmorstkzuwgxrpbsjytybozuplprknxnoibglkwemguahytrllzcgbvulmjgnmljilprvha,
114,q0412_SQ002,de,SQ002,azmkhkcfjlilrychzbuirsnyfqjfqlbpkjeiotviairjjffkvsfwbngkleprzomcvqzynkkydcvxqpx,
115,q0414_SQ001,de,SQ001,sdrdzhgneofwgcwycsvurvmufxsrkrdtztrtlkjjjvhaqnajrtkzzgadejuwhu,
116,q0414_SQ002,de,SQ002,dawvdhhjbfmutckkjcaqsfwzphblfrljxppzbnzqvtqwwoqcyxgyifodtztkatabgwessbqrtvjbkj,
117,q0414_SQ003,de,SQ003,kasmyopzwzhbssoovjljhzhwilipulrxqvhvmntnkxcakprvwtigkr,
118,q0414_SQ004,de,SQ004,updvktgdbdirqaxrxklbdbqygtlzmqyqwkbygpyrnrkaburmedmbnbsosgwgpegswplctbygkalwgnlkrqnbokiklgm,
119,q0414_SQ005,de,SQ005,uuydmyumdljukwib,
120,q0414_SQ006,de,SQ006,lugvxixytdxzypttrubzafzdxrjdpaotpwflzrdhhksnueakoxx,
121,q0414_SQ007,de,SQ007,sxbbyfyqqbsbcmcfqvmwywxtrlhrwwkihcapfwkpououuvayhaultxloqxgwillseegmtirauxmorekcpecugwje,
122,q0414_SQ008,de,SQ008,ttybrgzgsqgtdftrzbuzhojl,
123,q0414_SQ009,de,SQ009,twyizjadovgeivpdmhdbbbezvxxvsaekxdnaogdzkjshudylufzbwugpraxaohdzsbnsiqlsncxhoxlqxfempyllxcbueh,
124,q0414_SQ010,de,SQ010,uhrjghnkazajtdbvpmgpikeydiwacatwsdoyydjmygoosjdanqamfkuu,
125,q0414_SQ011,de,SQ011,cwxhantdliefkzlskub,
126,q0414_SQ012,de,SQ012,ifzbxitpon,
127,q0415_SQ001,de,SQ001,ltaeaymxbwvwlvirwcm,
128,q0415_SQ002,de,SQ002,gjwlxxoxtngktspthqfwuibxjnxfoblynilvuccbqdvrfinylwrsjnbxhxphhpbwtzeufjeyfydyindxzzdnu,
129,q0415_SQ003,de,SQ003,fvlmlmkeaecklptarfohdpvhtyfmudi,
130,q0415_SQ004,de,SQ004,huvchwgcrkggestfykvapuhyzxkhirqpbtxlqxvpkvmdijzkhcfquwnjndxxboiroobqcqu,
131,q0415_SQ005,de,SQ005,eixcamflpkcurmeonmlplsnkbtyviiawqobmiqskhepvpoluvjszhpskvttmbjwxmjspsomrnvjpwekdt,
132,q0415_SQ006,de,SQ006,pwuawayemluzkluclqihmtohrufzvuzecnsekfcfzghhge,
133,q0415_SQ007,de,SQ007,dcpbkljuwwmanhlukwmxgbziuiajahnvsoqbzq,
134,q0415_SQ008,de,SQ008,niyaleshhjpjbrklhgzhzntqzuckmkflybqyfvqpqzepkyldaavfsbbpborascduwdbwz,
135,q0415_SQ009,de,SQ009,bczlwbornanhbchlqcyvodzxhseaqxnrtsjcmzaybadbqjyq,
136,q0415_SQ010,de,SQ010,eorblpmjavyahes,
137,q0415_SQ011,de,SQ011,wixqdjevijmhtcwawqffkxtbmqwcssoianfihmfpvmrobvpsdjvsuugvgawetzdrklgfxhhvptbpzx,
138,q0415_SQ012,de,SQ012,hlqrhsqxmgbifrrthfhjnzhwfvhshsmewiaoqrmcktnxjyyheldocudykcpzobkvgullcijoqyxntvqyy,
139,q0415_SQ013,de,SQ013,cfddkfkwxoqwtjodbfndxitxnkzmfxoemoslynbokfljioscnsllhnsrzvvposumafutnyfmy,
140,q0415_SQ014,de,SQ014,lmpqurnpldgzvdmxgnqesxugelvnxmnbne,
141,q0415_SQ015,de,SQ015,tiefpdxsupzcykxxazcugaodsectbjkjwc,
142,q0415_SQ016,de,SQ016,abhbevenwwybmdxyrjglyujluwjqkjezvxcbzccbjklcmdhbxofyygsqyriufkotlmrgguepvvafdx,
143,q0417_SQ001,de,SQ001,oqseluyptvlxohaapnjjghktkabyjdrvahjoqisiewcorukqdqganfdrtreigyaptuzevtuaoczjzwrmvii,
144,q0417_SQ002,de,SQ002,xsbxqdbzvikyrrcclgjuehfhwdueygfnckvlcsyppthyhmshlzgcexydmxalqnuxgnhcnqnsqlqghbzxhcpcambyn,
145,q0417_SQ003,de,SQ003,brqlfbambgruqaeozvzgnbwmhjbtuuhnoomhsstbhjqbrwwpsmtpggipfxrzimnobfeorzpimmwvrmlhlmibjroewrfhrfztooc,
146,q0417_SQ004,de,SQ004,oyvcbqpfuywavejuumequnrgvaoqjowowojsivxmzdxr,
147,q0417_SQ005,de,SQ005,nfofuumplcdkfpdaozognyziptlhixkhnyjbaspktswafeqcdckevyuerfnyzodfvjdqchoqajqlogisqticjycxnpcarbrpqb,
148,q0417_SQ006,de,SQ006,bdohscitkmxlwtkoleslbcmiwxmwgssrrlklytyritynewbmfumxhkkoaenwmipboeqvghsviucemruwq,
149,q0417_SQ007,de,SQ007,cnznoiecsiphuupkolrezezoagkzbwaerywthmtmgyytybqdmsjnwsloswtcnfkivwyugmngoebllrgkizggcicpsbmokm,
150,q0417_SQ008,de,SQ008,oxcyjziwxeloadqxmrvakkbgzjytwrrxl,
151,q0417_SQ009,de,SQ009,ptmfemnispdlaurgewmdffswpacwvhvamhqbkxixdwvpflicvywfebwsogcwoobtjjifkqwcgm,
152,q0417_SQ010,de,SQ010,quqwqjrugjkdurvuxpdnnuzhvwruliomhwtwuquvsstmaykuqpuutxktmzeheklrbzuhhjtuyrklhf,
153,q0421_SQ001,de,SQ001,jnvpzsjyuibhnjnyhrjqouvebhsmuyoligyaidyqcrxlyjphghidprsqtfspxk,
154,q0421_SQ002,de,SQ002,mzxfectgqximxrrtnymgfzgnjxbbubvzndgfpiqcadswerpasgkyhcmjvuklitnplkwmfoydbcgcbmmcimwvptwdvhmjqjmspi,
155,q0421_SQ003,de,SQ003,grlxshryrqxvnezzxmmyjp,
156,q0421_SQ004,de,SQ004,ryoedzovobkaahuwtlspekbeyzikdvhhvcfo,
157,q0421_SQ005,de,SQ005,ucnmprlerslxgklttmxxzzcxvevrhkffgnpcaiayfijukpwbqxparbauzgnqorqhwgdzwcapocid,
158,q0421_SQ006,de,SQ006,izfvujosdpswgpthwsnpgsuarylrvikoexdtqqltljyeflheccqisuurorrwsrtzmfxnnsrrupklbeddcdbwjtybtemfgctcwr,
159,q0421_SQ007,de,SQ007,dpqvqhxqiacvjphossodjtgasrastwarzpwvzssofyvgsnlwirlfnlfwmdusfbdvuzalptjhkhtqruintuldbrvjto,
160,q0421_SQ008,de,SQ008,qlxbvbihivygbkemebpstrpplhscutfmgpbydfvcfddfaiixnigcwegekblilyqsenogtcl,
161,q0421_SQ009,de,SQ009,jmnondkftalwfhgmwlwiqapluvsjeplmygigjcqgwhpgxabtrjpwxbqchfqpmvwvcrzhhlhbsnjzjeiifdmy,
162,q0501_SQ001,de,SQ001,tfdyphabelimuwyyriyqwrywthepzwxfgxumnxxnfgxoepyurhrkwrxhdtywluxlwmdhvklhzioeqajgzbjkrypktbiaxlvlqbt,
163,q0501_SQ002,de,SQ002,semapyagkafocxkezlngmekitlexrgkbrbcwbgdzi,
164,q0501_SQ003,de,SQ003,pokknmesdczrfypdqcphawwtmvdnndtyzfjcqsu,
165,q0501_SQ004,de,SQ004,mlcvzsjbpajkhizecyelikjerlqacofyekzsouktinpvepmcensvxine,
166,q0501_SQ005,de,SQ005,fyejyvqcohzheohpyrmqnmlppqevxwvtzermwktupebfzzi,
167,q0501_SQ006,de,SQ006,xxbrowmhqajqxctuhewxywwflpunqnxfjzlilxmvimckwxxbmiuvfnnffkflbzodcdzmftaicovdgdyzuvpoplnipysqh,
168,q0501_SQ007,de,SQ007,vdxcfyijewsjqdjjauephkps,
169,q0501_SQ008,de,SQ008,hjmrxqtyqgyevjsnoxomcmxtngrxjzfhluvyylvmdanobjyfwnrtawpigvzjkegmuhsucdhrmyixzbdgcgtsnnfvjz,
170,q0501_SQ009,de,SQ009,renxkeqdcqorxwlvgymqfrdl,
171,q0501_SQ010,de,SQ010,oqzilzqodskcszavupcojvoh,
172,q0102_SQ001,de,SQ001,yctbqphmrzjxbmbfbkckyxiqmublrjuwltpftrkgdfdlb,excyaluvvzyiidbwaeitbpzgvpeniclycnqsu
173,q0103_SQ001,de,SQ001,nqnxltzihwvvuootpazposuetkhsefniz,vhtlrkbwluufcexyadjbgnwswzvwjzmiyvovlihdfvwuygfmayypplwqsqg
174,q0104_SQ001,de,SQ001,ewloblqfjrddjaavnfgemspdoxzrklfliny,ddyzduladwekinplvhwoxtwzxotvzlyrhozywxhgzvacqezayhmefnqwlz
175,q0202_SQ001,de,SQ001,lmrkfdvslfdcllcwkdtkwluob,
176,q0302_SQ001,de,SQ001,zlmsrbwlznaqzyvwouajwvwrtwsnpjfopmzskqmqqkqhludhshefnrvwafxezwodqfqqtnvsiveprjvubcqhfxstsnqwckf,jmqotjhzahelrvqcdudyqihwvrgchrfywhitkzqbsaygnafiduyzez
177,q0303_SQ001,de,SQ001,nipoqxfrwzyycfrrqhvjdqjdhvzwbdpefqzwujcpzwaofbjiswybofsyckiiipkrhutwsjtoohjfdbofdrmfohdizuuletbhc,
178,q0402_SQ001,de,SQ001,cwpuxyexeizwmkmgyrhorogyuaouceryqcgidbujceleszacrtr,lbmsrshukqltnismftgbcfsysgqnwgjadgftmzznrdynqjxmammnlmlfwttykobjyydetftchgntgoxomycqnvvhmuuhhjbrzl
179,q0405_SQ001,de,SQ001,cdhcogqgrlfqqjkthdbpsoahnmzurpyxjwxsxpi,
180,q0406_SQ001,de,SQ001,tjpzchllpohujfwxj,
181,q0407_SQ001,de,SQ001,ygcdgqafyfxsxuohrnsnbggznl,
182,q0409_SQ001,de,SQ001,acyzxhpfbtxlublnxprybhkzosirxvoisswspblzlvcpyateqkwhzubailhbnfwyydllwessobxhwiyjvmyoolhfvg,thijgvcwtkoyinisejmqguuhwmrbosgoyrurjydvapkxgqihsbsvczmzjhdqyerkzwjnnjajecgbvwoltgjacoxlbuup
183,q0410_SQ001,de,SQ001,lxrnoibmfqpzb,sfabcubxsbxsbsdbjeeijpspjfxyfzlsvemllrlljzmatdtwvdyjvnhxbrdxzhiokwjbapgghtwguojtnymvkjeq
184,q0411_SQ001,de,SQ001,mqphtjzvjevurkdyzkqmiuzxipbzlsogqjydmjjyaswidqrubrm,llhunhjpxvkgxbplzrxakpeqqwasvkcswdmbgdjtvxtzkebtugrserqrqgzar
185,q0413_SQ001,de,SQ001,fcyepisacrqetjqprmbcigd,cuesuqjyghahhpzureyprhemirgxotzoxzlxudqafbicnipdgahth
186,q0416_SQ001,de,SQ001,ibnuwqvmuemznngfnvmmqpxfifpwiumeafyielrafjuvzsdewhlkjzcntpcgfyd,yylrxfhdbzvhpgftlguhgvvhzacxuaaitkgbdxdxnvvk
187,q0418_SQ001,de,SQ001,ajxjhjfidwuxbppz,kdtgjmbeuavdt
188,q0419_SQ001,de,SQ001,vsfbgpxqehnwvodwvbzzlopcvjflpjycntbvkeegxfsmfxpzyyrtarhwuqtzlsbtdzdbavchdql,fnjcbiovsopcoyjukqabqljkkqancjakqwnrifwwwrwuh
189,q0420_SQ001,de,SQ001,sllnitqnvmyxmimbrptvhgtmptaitovccztrxhkssbojoq,zgsnqofbnrmobwmtkovufyjkgiwvzmuplojbkfvyrnejvmxjkmctcadbfdy
